Dish_Name,Category,Food,Calorie,Price
Samosa,Snacks,Veg,91,20
HealthyThal,Lunch,Veg,2197,807.66
Nessi,Snacks,Non-Veg,1445,701.06
Nikkie,Snacks,Non-Veg,1139,369.2
Katinka,Breakfast,Non-Veg,1344,432.28
Diena,Breakfast,Veg,1229,613.73
Maye,Breakfast,Veg,1474,899.86
Ann-marie,Lunch,Non-Veg,2521,341.43
Krissy,Snacks,Non-Veg,1047,440.42
Evita,Snacks,Non-Veg,1868,810.45
Greta,Lunch,Non-Veg,1465,658.78
Devinne,Lunch,Non-Veg,1411,926.99
Wanda,Snacks,Non-Veg,2434,283.49
Allis,Breakfast,Veg,2505,821.69
Junette,Lunch,Non-Veg,2842,474.59
Merline,Lunch,Non-Veg,2176,387.11
Joeann,Snacks,Non-Veg,2866,792.04
Sella,Dinner,Non-Veg,953,242.76
Peri,Breakfast,Veg,1740,502.69
Sonny,Lunch,Non-Veg,859,792.27
Terza,Lunch,Non-Veg,1084,879.31
Sileas,Breakfast,Veg,1397,306.72
Carlin,Dinner,Veg,2598,561.02
Moselle,Dinner,Veg,2906,637.96
Isobel,Lunch,Non-Veg,2468,219.95
Xylia,Breakfast,Veg,2317,689.95
Leonanie,Breakfast,Veg,1766,359.62
Flor,Dinner,Non-Veg,2033,558.97
Billy,Breakfast,Non-Veg,2340,891.21
Vanda,Snacks,Veg,2522,553.04
Perl,Dinner,Veg,809,821.18
Shaylah,Dinner,Non-Veg,1824,615.35
Ella,Lunch,Veg,558,871.95
Codi,Dinner,Non-Veg,692,640.53
Hedvig,Snacks,Non-Veg,665,959.58
Nicki,Snacks,Non-Veg,1572,549.76
Antonella,Dinner,Veg,2994,978.12
Vally,Snacks,Veg,1791,518.19
Jeralee,Breakfast,Veg,2491,323.41
Kathye,Dinner,Non-Veg,1849,458.49
Rosabel,Lunch,Non-Veg,2995,794.12
Hyacinthia,Breakfast,Non-Veg,902,617.18
Avril,Snacks,Veg,2896,308.45
Melodie,Lunch,Non-Veg,762,253.17
Tabatha,Snacks,Non-Veg,2075,773.86
Lizbeth,Lunch,Non-Veg,1875,572.58
Chery,Snacks,Non-Veg,2166,278.12
Lorilyn,Dinner,Non-Veg,1988,715.26
Amalle,Snacks,Non-Veg,2764,547.52
Maitilde,Dinner,Non-Veg,996,266.35
Henryetta,Breakfast,Veg,1158,826.0
Jemie,Dinner,Veg,2790,752.62
Kip,Breakfast,Non-Veg,2689,915.71
Eveline,Dinner,Non-Veg,2797,954.8
Roana,Snacks,Non-Veg,856,330.91
Isidora,Dinner,Non-Veg,1273,348.54
Ashely,Dinner,Non-Veg,2359,813.27
Karlie,Snacks,Non-Veg,2376,827.91
Dawna,Breakfast,Non-Veg,1470,567.27
Gale,Breakfast,Veg,1483,515.22
Stepha,Snacks,Veg,2001,281.57
Halette,Snacks,Non-Veg,910,572.15
Aundrea,Dinner,Non-Veg,1310,779.09
Mareah,Lunch,Non-Veg,1645,221.04
Violante,Snacks,Non-Veg,1688,315.9
Druci,Lunch,Non-Veg,1772,913.17
Violetta,Dinner,Non-Veg,2078,742.4
Beatrice,Lunch,Veg,2907,333.82
Paige,Lunch,Non-Veg,1102,859.82
Anica,Lunch,Non-Veg,1204,888.19
Audie,Dinner,Veg,1461,611.72
Elspeth,Snacks,Veg,797,317.21
Astrix,Dinner,Non-Veg,2029,461.22
Vikki,Lunch,Non-Veg,1028,216.83
Arden,Dinner,Veg,880,572.13
Teena,Snacks,Veg,2056,278.1
Vanna,Lunch,Non-Veg,773,963.76
Gayleen,Breakfast,Veg,1667,830.42
Sisile,Snacks,Veg,529,711.68
Aprilette,Snacks,Non-Veg,1555,487.26
Fianna,Snacks,Non-Veg,513,819.0
Annie,Breakfast,Veg,803,223.51
Colette,Lunch,Veg,686,448.8
Thalia,Dinner,Veg,636,958.0
Annamaria,Dinner,Veg,1721,688.41
Karen,Breakfast,Non-Veg,1335,984.54
Missy,Breakfast,Non-Veg,1206,892.56
Sara-ann,Snacks,Veg,2817,704.45
Vivyan,Dinner,Veg,578,558.24
Norean,Lunch,Non-Veg,1859,620.74
Rosanna,Breakfast,Veg,2898,490.71
Crysta,Lunch,Veg,2819,863.47
Meghan,Snacks,Veg,1208,383.4
Hanna,Snacks,Non-Veg,2502,798.41
Janith,Breakfast,Non-Veg,695,310.74
Carol-jean,Lunch,Veg,1438,568.68
Hanni,Lunch,Non-Veg,2441,635.84
Karly,Lunch,Veg,838,793.58
Chiquita,Breakfast,Non-Veg,2894,366.73
Crissie,Lunch,Veg,2045,553.0
Leslie,Lunch,Veg,1626,721.9
Faustine,Breakfast,Non-Veg,2583,943.08
Hyacinthe,Lunch,Non-Veg,526,681.81
Jackie,Breakfast,Veg,2505,456.51
Arlee,Breakfast,Non-Veg,2982,658.73
Pearline,Breakfast,Non-Veg,2856,239.05
Ivie,Snacks,Veg,2585,873.27
Idalina,Lunch,Veg,2699,994.12
Randie,Snacks,Veg,2277,833.58
Jori,Dinner,Non-Veg,712,992.54
Marlena,Breakfast,Veg,948,278.32
Sandra,Breakfast,Non-Veg,1228,368.85
Vikki,Lunch,Non-Veg,2164,240.35
Maisey,Lunch,Non-Veg,1873,214.62
Joelie,Dinner,Veg,1480,623.78
Carri,Lunch,Veg,1424,802.13
Stephine,Dinner,Non-Veg,648,827.45
Billie,Dinner,Non-Veg,2755,609.67
Ainsley,Snacks,Veg,2463,371.9
Averil,Snacks,Veg,1337,306.79
Cari,Breakfast,Veg,2297,441.63
Esma,Breakfast,Non-Veg,2928,621.06
Berny,Lunch,Non-Veg,2761,629.08
Beverly,Lunch,Non-Veg,2916,721.78
Shalne,Breakfast,Veg,950,275.01
Max,Breakfast,Veg,873,310.96
Evelina,Lunch,Non-Veg,2226,557.66
Meagan,Breakfast,Veg,1606,427.7
Frederica,Lunch,Veg,1901,761.16
Seline,Lunch,Veg,1735,858.47
Ailyn,Dinner,Veg,2642,526.46
Hollyanne,Breakfast,Non-Veg,2016,739.01
Lory,Lunch,Non-Veg,2119,877.12
Naoma,Breakfast,Veg,559,340.54
Peggie,Lunch,Non-Veg,2557,605.86
Lyn,Dinner,Veg,2578,553.3
Verine,Dinner,Veg,1648,309.57
Catlee,Lunch,Veg,1907,399.92
Mel,Breakfast,Veg,1762,886.91
Juli,Dinner,Veg,1160,593.02
Karoline,Snacks,Non-Veg,2299,399.56
Alika,Snacks,Veg,1007,288.03
Dasie,Lunch,Non-Veg,1413,972.94
Shayna,Snacks,Non-Veg,1005,227.51
Gretna,Lunch,Veg,1960,740.13
Candra,Snacks,Veg,894,744.87
Jordan,Lunch,Veg,1041,272.88
Shaylah,Breakfast,Veg,2568,587.79
Goldie,Snacks,Non-Veg,1093,367.02
Joanie,Breakfast,Veg,1281,500.34
Donelle,Breakfast,Non-Veg,2548,872.93
Melania,Breakfast,Veg,1552,341.84
Brina,Lunch,Veg,1444,393.03
Nerissa,Lunch,Non-Veg,2232,613.26
Wallie,Dinner,Veg,2904,966.6
Alli,Lunch,Veg,2080,757.7
Winne,Breakfast,Veg,2123,274.95
Evania,Lunch,Veg,2315,420.43
Helga,Lunch,Veg,1302,735.19
Chrissie,Lunch,Veg,1527,213.28
Starlin,Snacks,Non-Veg,2386,452.28
Pamelina,Dinner,Non-Veg,673,349.43
Amberly,Breakfast,Veg,1609,929.39
Jemie,Dinner,Non-Veg,1792,784.98
Eleonora,Dinner,Veg,1824,682.48
Rozina,Breakfast,Non-Veg,2821,734.66
Coreen,Lunch,Veg,1293,371.14
Roxy,Breakfast,Non-Veg,924,365.46
Etti,Dinner,Non-Veg,1448,361.4
Margi,Lunch,Non-Veg,2906,876.04
Catriona,Lunch,Non-Veg,2520,917.87
Karolina,Snacks,Veg,1025,431.45
Daniele,Dinner,Veg,1197,986.88
Shayna,Snacks,Non-Veg,1449,673.33
Caitlin,Dinner,Non-Veg,1449,339.54
Sharai,Breakfast,Non-Veg,2129,815.54
Stevana,Snacks,Veg,2676,480.42
Dreddy,Snacks,Veg,1902,952.82
Bonnie,Snacks,Veg,1225,705.04
Ernesta,Snacks,Veg,1073,740.81
Kassia,Snacks,Non-Veg,2139,997.46
Ulrica,Dinner,Veg,1917,629.78
Sharai,Snacks,Non-Veg,2652,857.53
Betteann,Dinner,Non-Veg,2131,224.94
Tabby,Lunch,Veg,661,950.39
Tatiana,Lunch,Non-Veg,1737,969.09
Rozina,Snacks,Non-Veg,2179,552.85
Essy,Lunch,Non-Veg,2465,708.78
Johna,Snacks,Non-Veg,1191,654.34
Tybi,Dinner,Veg,2536,742.84
Shell,Snacks,Veg,1001,490.42
Rhody,Lunch,Non-Veg,2208,351.43
Margalit,Dinner,Veg,2107,304.72
Jillene,Lunch,Non-Veg,2410,250.0
Fredia,Lunch,Veg,1464,265.92
Dulcinea,Lunch,Non-Veg,1012,422.81
Friederike,Snacks,Non-Veg,2873,970.59
Chelsy,Dinner,Veg,2549,929.1
Colleen,Breakfast,Veg,2897,431.4
Shayna,Snacks,Veg,2983,389.2
Magdaia,Breakfast,Non-Veg,1920,720.51
Nancie,Dinner,Veg,2042,728.5
Nadine,Dinner,Veg,895,991.54
Taryn,Snacks,Non-Veg,802,532.98
Leanor,Breakfast,Non-Veg,950,779.73
Shela,Dinner,Veg,1468,642.61
Carlene,Dinner,Veg,1475,924.97
Aubine,Lunch,Non-Veg,923,356.73
Joanna,Snacks,Non-Veg,802,582.6
Ursula,Lunch,Veg,2564,620.24
Lucita,Breakfast,Non-Veg,610,323.02
Trisha,Dinner,Non-Veg,1589,934.03
Darla,Dinner,Veg,2493,677.01
Minna,Dinner,Non-Veg,2526,506.75
Lorri,Dinner,Non-Veg,1557,468.21
Verine,Snacks,Veg,919,871.87
Coreen,Snacks,Non-Veg,1375,550.5
Angelika,Breakfast,Veg,2691,234.79
Gwenny,Breakfast,Veg,1267,732.23
Lian,Breakfast,Non-Veg,1409,690.65
Suki,Snacks,Veg,2947,665.32
Min,Dinner,Veg,505,563.39
Cicily,Lunch,Veg,2504,322.05
Legra,Dinner,Non-Veg,1433,286.02
Isobel,Snacks,Veg,841,289.87
Bel,Dinner,Veg,915,211.37
Joan,Dinner,Non-Veg,2811,660.77
Norean,Dinner,Veg,1619,805.29
Julee,Lunch,Non-Veg,2508,597.19
Olwen,Breakfast,Veg,1885,260.99
Joell,Snacks,Non-Veg,2045,620.89
Merilyn,Dinner,Non-Veg,2049,318.4
Shoshana,Snacks,Non-Veg,1971,925.76
Luce,Breakfast,Non-Veg,1158,984.54
Gretta,Breakfast,Veg,1990,718.34
Pattie,Dinner,Non-Veg,550,987.31
Janette,Dinner,Veg,2782,266.82
Keelia,Breakfast,Veg,562,769.98
Carlynn,Lunch,Non-Veg,1217,293.19
Amber,Breakfast,Non-Veg,2299,205.07
Suzy,Lunch,Veg,1515,575.91
Zelma,Breakfast,Veg,588,788.67
Lilli,Lunch,Veg,666,636.79
Chiquita,Dinner,Non-Veg,2583,238.03
Cassandry,Dinner,Non-Veg,2541,361.04
Faunie,Dinner,Non-Veg,1828,855.24
Dolorita,Snacks,Veg,1571,938.07
Gretna,Breakfast,Non-Veg,1728,709.95
Jenn,Breakfast,Veg,1608,465.63
Doro,Dinner,Non-Veg,2040,231.92
Calida,Lunch,Veg,565,625.52
Dody,Dinner,Non-Veg,1302,370.5
Toma,Lunch,Non-Veg,2972,665.0
Lynett,Lunch,Non-Veg,2830,955.24
Brigid,Dinner,Veg,2302,494.91
Lola,Dinner,Veg,2963,828.75
Stephie,Dinner,Veg,2930,587.87
Shannah,Snacks,Veg,2174,253.13
Arlie,Lunch,Veg,872,956.31
Codee,Breakfast,Veg,1613,209.19
Wynne,Dinner,Non-Veg,952,546.86
Cybill,Dinner,Non-Veg,2626,632.81
Kassia,Breakfast,Non-Veg,922,463.82
Corissa,Snacks,Non-Veg,2389,364.66
Kynthia,Dinner,Non-Veg,2870,779.19
Aubrey,Breakfast,Non-Veg,1944,253.56
Calida,Breakfast,Non-Veg,843,544.65
Maure,Snacks,Non-Veg,2205,778.34
Delora,Snacks,Non-Veg,1597,238.65
Matty,Lunch,Veg,778,934.46
Joella,Lunch,Veg,2945,407.77
Fredia,Lunch,Veg,1215,870.73
Fina,Breakfast,Veg,2076,799.01
Karole,Snacks,Veg,992,444.94
Roxane,Snacks,Non-Veg,2696,619.11
Tawnya,Dinner,Non-Veg,2116,565.43
Alayne,Dinner,Veg,721,879.12
Casie,Lunch,Non-Veg,1709,417.12
Heddie,Breakfast,Non-Veg,1292,918.73
Wenona,Breakfast,Veg,2380,632.96
Rhoda,Dinner,Veg,709,407.99
Frederica,Snacks,Veg,2276,946.41
Bobby,Lunch,Veg,2520,996.43
Amabel,Snacks,Veg,2989,997.82
Sarita,Snacks,Non-Veg,1676,797.27
Robinett,Snacks,Veg,914,285.02
Allison,Dinner,Non-Veg,1409,866.94
Kimberlyn,Dinner,Veg,2517,892.92
Shandee,Lunch,Non-Veg,2073,473.49
Othilia,Lunch,Non-Veg,2381,400.78
Chiquia,Lunch,Non-Veg,1931,417.08
Fleurette,Lunch,Non-Veg,1858,356.98
Charlean,Dinner,Veg,2398,434.58
Darbie,Snacks,Non-Veg,2592,313.34
Mandy,Breakfast,Veg,2584,331.02
Emily,Dinner,Non-Veg,1008,632.55
Lorelei,Breakfast,Veg,1352,877.37
Moria,Breakfast,Veg,1917,212.71
Lorna,Breakfast,Veg,2327,278.57
Hali,Breakfast,Non-Veg,573,876.56
Vitia,Breakfast,Veg,902,670.22
Marinna,Dinner,Non-Veg,2090,762.25
Jacklin,Breakfast,Non-Veg,1068,912.86
Karry,Lunch,Veg,1290,494.7
Astra,Snacks,Veg,1038,316.45
Margie,Snacks,Non-Veg,2484,579.84
Ibby,Breakfast,Non-Veg,548,322.05
Ethel,Breakfast,Veg,1089,516.42
Gina,Breakfast,Veg,2686,441.06
Justina,Snacks,Non-Veg,1543,930.12
Minny,Dinner,Veg,618,749.78
Electra,Snacks,Non-Veg,1306,824.73
Alma,Breakfast,Veg,2574,754.21
Shanon,Lunch,Veg,1049,852.06
Mellisa,Breakfast,Veg,1082,383.68
Hedda,Snacks,Veg,1377,281.96
Talia,Breakfast,Veg,2789,824.69
Florrie,Dinner,Non-Veg,687,426.58
Max,Lunch,Veg,2475,854.07
Gusella,Lunch,Veg,1827,407.61
Meggy,Dinner,Non-Veg,793,523.04
Briana,Breakfast,Non-Veg,2441,322.78
Yasmin,Breakfast,Veg,1476,562.21
Starla,Lunch,Veg,2768,679.75
Dierdre,Breakfast,Veg,2420,713.69
Sorcha,Breakfast,Non-Veg,1818,985.34
Annabella,Breakfast,Veg,1801,583.84
Katusha,Breakfast,Non-Veg,1869,776.2
Kellie,Breakfast,Non-Veg,1316,501.09
Caroljean,Lunch,Non-Veg,2599,249.24
Sascha,Snacks,Non-Veg,2075,957.75
Cyndia,Snacks,Non-Veg,2918,710.47
Allis,Breakfast,Non-Veg,1112,582.26
Brietta,Dinner,Veg,2433,703.47
Maribel,Lunch,Non-Veg,1819,424.41
Gwen,Dinner,Veg,2006,209.19
Elnora,Breakfast,Veg,1366,789.05
Rebeca,Breakfast,Veg,2142,377.65
Avrit,Breakfast,Non-Veg,804,560.97
Penelopa,Breakfast,Veg,2936,233.74
Leone,Lunch,Veg,2518,428.96
Nerta,Snacks,Veg,1994,249.61
Krystal,Breakfast,Non-Veg,659,558.13
Norma,Lunch,Non-Veg,2658,493.77
Christen,Dinner,Veg,2486,419.32
Juana,Lunch,Veg,1248,876.68
Denna,Dinner,Non-Veg,865,329.23
Jenni,Breakfast,Non-Veg,540,464.85
Miof mela,Dinner,Non-Veg,1228,347.43
Rozina,Snacks,Non-Veg,1436,222.5
Barbabra,Breakfast,Veg,1532,782.56
Fernanda,Dinner,Non-Veg,2858,344.18
Vivianna,Dinner,Non-Veg,2232,970.69
Billy,Breakfast,Veg,2916,448.92
Valry,Lunch,Veg,590,480.28
Queenie,Dinner,Non-Veg,1573,400.12
Hollie,Snacks,Veg,2875,584.86
Sela,Dinner,Veg,2069,827.28
Daveta,Breakfast,Veg,1029,916.53
Dody,Dinner,Non-Veg,1935,810.17
Anabelle,Dinner,Non-Veg,893,422.84
Nancie,Breakfast,Veg,2957,662.53
Kaleena,Dinner,Veg,1898,657.77
Stacee,Breakfast,Veg,543,662.28
Ashien,Snacks,Veg,2482,562.04
Giacinta,Breakfast,Veg,1260,244.05
Monah,Lunch,Veg,950,353.79
Gay,Dinner,Non-Veg,611,463.49
Wilone,Dinner,Non-Veg,1968,270.79
Cherie,Breakfast,Veg,1646,868.02
Francesca,Snacks,Non-Veg,2710,718.08
Ferdinande,Dinner,Veg,890,205.72
Elysee,Breakfast,Non-Veg,816,941.0
Adena,Breakfast,Veg,680,925.75
Carolin,Dinner,Non-Veg,2196,489.52
Brynne,Breakfast,Veg,636,813.94
Avrit,Dinner,Veg,982,433.96
Aretha,Lunch,Non-Veg,1601,476.32
Lita,Lunch,Veg,2604,969.26
Janith,Lunch,Non-Veg,2070,458.2
Lynna,Breakfast,Non-Veg,2131,803.03
Carolann,Snacks,Veg,1607,587.43
Noni,Breakfast,Non-Veg,1994,607.37
Maris,Snacks,Non-Veg,1978,879.04
Teresita,Snacks,Non-Veg,2819,930.46
Joelynn,Snacks,Veg,1164,962.62
Bryana,Snacks,Veg,674,684.85
Ruperta,Lunch,Non-Veg,1769,952.08
Dana,Lunch,Veg,2114,885.45
Stephani,Lunch,Non-Veg,708,878.55
Mara,Dinner,Non-Veg,1148,824.76
Collie,Lunch,Veg,1125,796.93
Georgette,Dinner,Veg,778,364.48
Yetta,Breakfast,Veg,1450,720.1
Lu,Dinner,Non-Veg,772,949.34
Gnni,Lunch,Non-Veg,601,897.37
Karoline,Dinner,Veg,849,633.73
Corabel,Dinner,Veg,550,481.89
Leanora,Dinner,Veg,2534,954.12
Chanda,Dinner,Veg,1916,738.39
Elladine,Snacks,Non-Veg,1213,522.56
Pansie,Dinner,Non-Veg,593,795.1
Ofelia,Snacks,Veg,2984,514.81
Josephine,Breakfast,Non-Veg,740,968.57
Rhetta,Snacks,Non-Veg,2890,222.47
Tiffie,Dinner,Veg,712,715.49
Donia,Breakfast,Veg,1269,997.23
Helaina,Lunch,Non-Veg,1658,720.19
Clarissa,Snacks,Veg,1636,975.83
Hannis,Dinner,Veg,2448,346.08
Hanny,Dinner,Non-Veg,2688,696.96
Geneva,Breakfast,Non-Veg,1178,700.84
Rasla,Snacks,Non-Veg,2949,333.57
Maressa,Dinner,Non-Veg,1678,639.98
Mirabella,Lunch,Veg,1834,710.49
Almira,Dinner,Veg,2692,682.9
Cele,Dinner,Non-Veg,2963,487.17
Birgitta,Breakfast,Non-Veg,2152,857.43
Clio,Lunch,Veg,2458,875.02
Twila,Breakfast,Veg,1667,973.67
Sibella,Dinner,Non-Veg,2834,915.45
Anthiathia,Snacks,Non-Veg,1641,489.98
Jolee,Breakfast,Veg,657,445.49
Valry,Dinner,Veg,2834,330.66
Gracia,Snacks,Veg,1996,984.01
Alys,Lunch,Veg,511,818.52
Minette,Lunch,Veg,1380,201.6
Elyssa,Dinner,Non-Veg,798,550.71
Melinde,Breakfast,Veg,1377,743.94
Wileen,Breakfast,Veg,2673,498.85
Torrie,Breakfast,Veg,2083,372.4
Bertina,Snacks,Non-Veg,1229,444.57
Dalia,Snacks,Non-Veg,1821,988.05
Nicola,Lunch,Non-Veg,1081,813.52
Wendi,Dinner,Veg,2193,502.67
Phaidra,Lunch,Veg,1099,719.18
Daisy,Lunch,Non-Veg,2399,582.47
Adelina,Dinner,Veg,1755,666.78
Rosemarie,Dinner,Veg,2377,263.97
Letta,Dinner,Veg,2175,926.57
Diana,Lunch,Non-Veg,777,697.55
Christin,Dinner,Veg,2895,292.81
Jody,Snacks,Non-Veg,2234,939.56
Nert,Snacks,Non-Veg,1265,288.34
Genny,Breakfast,Non-Veg,788,700.27
Laura,Lunch,Veg,1196,367.34
Leandra,Breakfast,Veg,2574,908.58
Daisey,Dinner,Veg,2915,292.29
Chicky,Snacks,Veg,2041,900.88
Yasmeen,Lunch,Non-Veg,1892,612.54
Shoshana,Dinner,Veg,2299,515.43
Kellsie,Dinner,Non-Veg,2178,531.23
Allsun,Lunch,Non-Veg,2796,470.42
Penny,Lunch,Non-Veg,2833,996.13
Caroljean,Snacks,Non-Veg,1300,299.67
Louella,Snacks,Veg,907,521.72
Annelise,Breakfast,Non-Veg,2054,688.78
Essie,Dinner,Veg,836,665.37
Elaine,Dinner,Non-Veg,1795,933.61
Germaine,Breakfast,Non-Veg,598,812.21
Farah,Lunch,Non-Veg,2528,277.63
Stephine,Lunch,Veg,2712,778.37
Tiffanie,Snacks,Veg,580,492.64
Bernardine,Dinner,Veg,646,654.25
Kaitlin,Breakfast,Non-Veg,2104,592.88
Addie,Lunch,Veg,2239,506.19
Robinet,Dinner,Non-Veg,1089,817.42
Melanie,Dinner,Non-Veg,1220,246.85
Juditha,Breakfast,Non-Veg,2460,602.49
Marin,Lunch,Veg,1719,439.3
Lori,Lunch,Veg,653,871.86
Anet,Dinner,Non-Veg,2121,538.09
Peri,Breakfast,Non-Veg,2567,450.55
Reggi,Dinner,Veg,910,376.97
Denna,Lunch,Veg,525,374.43
Candida,Lunch,Non-Veg,2021,277.95
Meryl,Breakfast,Non-Veg,2869,860.98
Wanids,Snacks,Veg,2843,280.27
Tessy,Lunch,Veg,629,536.61
Gianna,Breakfast,Non-Veg,1751,418.04
Catrina,Lunch,Veg,1792,624.23
Willow,Dinner,Veg,907,458.63
Karin,Dinner,Non-Veg,1399,336.81
Row,Dinner,Veg,2619,837.3
Kirsteni,Snacks,Non-Veg,1021,961.0
Theodora,Lunch,Non-Veg,1383,760.92
Audy,Dinner,Non-Veg,1313,424.04
Horatia,Snacks,Veg,1703,610.16
Orelle,Dinner,Veg,616,531.06
Brina,Snacks,Veg,1075,816.6
Karissa,Dinner,Veg,1763,976.1
Viole,Lunch,Veg,2695,543.5
Harriette,Breakfast,Non-Veg,1895,952.05
Ursula,Snacks,Veg,2453,896.3
Fanchon,Breakfast,Non-Veg,2094,657.33
Rayshell,Lunch,Veg,3000,974.78
Harrietta,Lunch,Veg,1738,845.04
Rosemaria,Lunch,Veg,1872,548.63
Blinni,Snacks,Veg,1408,694.97
Laurianne,Snacks,Veg,1888,618.36
Carolynn,Dinner,Veg,1363,819.53
Kym,Dinner,Veg,1848,869.61
Hestia,Snacks,Veg,1576,470.79
Marty,Breakfast,Veg,2383,917.12
Jenn,Dinner,Non-Veg,577,544.21
Robinetta,Breakfast,Non-Veg,872,533.3
Florinda,Dinner,Non-Veg,1550,359.43
Waly,Lunch,Veg,2204,409.77
Joli,Lunch,Non-Veg,2503,792.31
Marrissa,Snacks,Non-Veg,1699,910.15
Gaby,Dinner,Non-Veg,934,341.77
Perle,Snacks,Veg,2681,791.85
Lianna,Snacks,Non-Veg,2551,495.18
Marielle,Snacks,Veg,1972,287.7
Nissie,Lunch,Non-Veg,2124,697.55
Peggi,Snacks,Veg,1573,857.08
Darice,Breakfast,Non-Veg,2668,341.42
Pansy,Snacks,Non-Veg,2276,957.53
Tarrah,Snacks,Veg,2859,507.35
Gusti,Dinner,Non-Veg,1817,820.08
Hermia,Breakfast,Non-Veg,2667,220.38
Becky,Dinner,Veg,1028,410.98
Melba,Dinner,Veg,1102,231.2
Janetta,Dinner,Veg,960,286.45
Kylila,Breakfast,Non-Veg,893,461.47
Shane,Lunch,Non-Veg,1377,753.8
Beckie,Snacks,Non-Veg,1629,224.86
Pearla,Dinner,Non-Veg,1750,826.35
Doralynne,Breakfast,Veg,1411,406.69
Judye,Breakfast,Veg,717,664.17
Alis,Dinner,Veg,1030,993.21
Berenice,Snacks,Non-Veg,2241,883.44
Cordey,Breakfast,Veg,1458,685.64
Tessie,Breakfast,Non-Veg,1722,901.44
Louisette,Snacks,Veg,2917,431.85
Jodee,Lunch,Non-Veg,1484,387.66
Pris,Snacks,Non-Veg,2856,232.35
Mufi,Lunch,Veg,2597,239.31
Nadean,Dinner,Veg,2757,454.3
Faunie,Lunch,Non-Veg,2385,828.11
Leanor,Snacks,Veg,1626,895.57
Madelina,Dinner,Veg,2034,910.37
Raphaela,Snacks,Non-Veg,1705,223.16
Charis,Lunch,Non-Veg,2538,722.94
Cynthie,Breakfast,Non-Veg,2422,625.91
Bertha,Breakfast,Non-Veg,1081,875.9
Junina,Lunch,Non-Veg,2939,786.52
Kameko,Lunch,Veg,1372,350.12
Noelle,Breakfast,Veg,2375,511.69
Darline,Breakfast,Non-Veg,1414,652.71
April,Snacks,Non-Veg,2417,488.57
Janice,Dinner,Non-Veg,2728,589.02
Leoline,Lunch,Veg,901,710.88
Wilhelmine,Snacks,Veg,2392,273.88
Meara,Dinner,Veg,2030,673.13
Milena,Breakfast,Non-Veg,1237,784.57
Monica,Snacks,Veg,1864,926.23
Agnes,Breakfast,Non-Veg,1686,941.27
Fleurette,Dinner,Non-Veg,856,737.06
Barbi,Dinner,Non-Veg,2682,358.42
Bobbe,Dinner,Non-Veg,517,427.83
Margarette,Breakfast,Veg,1544,829.86
Carmencita,Snacks,Non-Veg,616,740.63
Brigida,Snacks,Veg,1816,840.62
Blinni,Lunch,Veg,2926,810.06
Tiffany,Dinner,Non-Veg,1712,339.11
Mabel,Breakfast,Non-Veg,2604,243.58
Gilligan,Dinner,Veg,738,632.93
Rosalinde,Snacks,Non-Veg,1989,612.05
Lelah,Breakfast,Non-Veg,1102,629.09
Joelly,Lunch,Veg,911,293.57
Mariann,Snacks,Non-Veg,1777,909.08
Elvina,Lunch,Non-Veg,2176,520.75
Terri,Snacks,Non-Veg,2227,531.25
Leisha,Lunch,Veg,2422,710.73
Kaycee,Snacks,Veg,688,975.24
Rosene,Dinner,Non-Veg,1724,238.48
Guinna,Dinner,Veg,2162,804.42
Becca,Dinner,Veg,1739,254.07
Eva,Snacks,Non-Veg,1557,303.64
Jessy,Breakfast,Non-Veg,2624,422.92
Issi,Snacks,Veg,1799,664.64
Arleyne,Dinner,Non-Veg,2720,453.88
Umeko,Lunch,Veg,1784,715.39
Clo,Dinner,Non-Veg,2245,244.43
Marcelia,Snacks,Veg,1225,321.85
Carmelita,Dinner,Veg,1389,798.24
Petronia,Snacks,Non-Veg,2122,914.99
Bettye,Breakfast,Non-Veg,667,977.6
Jo-anne,Breakfast,Veg,1492,859.54
Wilmette,Dinner,Veg,1433,816.11
Amie,Breakfast,Veg,1131,347.53
Kacey,Breakfast,Non-Veg,643,487.92
Codi,Lunch,Veg,2337,305.16
Demetria,Lunch,Non-Veg,2411,522.78
Malissa,Lunch,Non-Veg,1933,424.72
Kris,Breakfast,Non-Veg,2686,636.79
Arlana,Breakfast,Veg,825,467.35
Fernanda,Dinner,Veg,1011,507.61
Shirleen,Dinner,Veg,2651,557.68
Harriot,Dinner,Veg,2478,576.32
Dagmar,Breakfast,Veg,2719,250.55
Karlee,Snacks,Non-Veg,774,523.0
Alaine,Lunch,Non-Veg,1120,651.91
Hazel,Breakfast,Non-Veg,2777,751.97
Rycca,Snacks,Veg,2423,551.45
Meg,Breakfast,Veg,1931,798.08
Rica,Breakfast,Veg,765,861.03
Fred,Snacks,Veg,1801,887.12
Fanya,Breakfast,Veg,1308,257.09
Nalani,Lunch,Veg,2477,920.8
Dareen,Breakfast,Non-Veg,2595,351.41
Britt,Lunch,Veg,2842,737.67
Pet,Lunch,Veg,2721,269.69
Mercedes,Snacks,Non-Veg,1612,853.65
Pepi,Dinner,Veg,924,348.48
Laverne,Lunch,Non-Veg,793,508.5
Jobina,Snacks,Non-Veg,2241,551.51
Tess,Lunch,Non-Veg,2255,295.84
Dolorita,Dinner,Non-Veg,941,636.13
Carlye,Dinner,Non-Veg,1965,998.27
Jilli,Dinner,Non-Veg,2313,508.19
Malia,Snacks,Veg,573,236.89
Libbie,Dinner,Non-Veg,615,885.6
Joya,Lunch,Veg,1065,429.39
Zorina,Breakfast,Non-Veg,1431,368.12
Minette,Lunch,Non-Veg,1230,271.71
Rubie,Snacks,Non-Veg,2290,484.91
Cyndie,Breakfast,Veg,2442,609.23
Moria,Lunch,Veg,875,412.69
Karole,Snacks,Veg,2727,619.44
Timmi,Dinner,Veg,534,549.56
Anna-diane,Lunch,Veg,1593,333.6
Con,Dinner,Veg,1550,745.67
Louella,Lunch,Non-Veg,1169,394.53
Sabina,Snacks,Veg,749,661.26
Meta,Breakfast,Non-Veg,620,846.74
Linnie,Snacks,Non-Veg,1815,342.42
Maria,Lunch,Veg,2661,394.02
Dayle,Lunch,Non-Veg,2697,369.36
Mariana,Snacks,Veg,658,237.8
Katerina,Lunch,Veg,1281,506.08
Alecia,Dinner,Veg,621,953.6
Celia,Breakfast,Non-Veg,851,766.96
Elene,Lunch,Veg,1200,330.24
Nanci,Lunch,Non-Veg,2897,897.72
Betsy,Snacks,Non-Veg,2389,774.29
Faustine,Snacks,Non-Veg,2918,286.26
Emmy,Snacks,Non-Veg,1367,565.72
Marcelle,Dinner,Non-Veg,1331,435.18
Chantal,Dinner,Non-Veg,2968,854.0
Reba,Snacks,Non-Veg,2664,585.61
Kara,Breakfast,Non-Veg,2401,911.74
Lyn,Snacks,Veg,1500,901.65
Valli,Snacks,Veg,1535,919.56
Matti,Snacks,Non-Veg,2468,664.02
Stephine,Snacks,Veg,2077,524.54
Toinette,Snacks,Veg,1647,673.57
Shayne,Breakfast,Non-Veg,2947,994.15
Darya,Snacks,Non-Veg,1518,354.18
Marylou,Breakfast,Veg,1838,710.19
Mag,Snacks,Veg,2736,984.29
Sibel,Snacks,Non-Veg,1360,349.77
Olympia,Lunch,Non-Veg,1390,487.02
Dagmar,Snacks,Veg,1866,712.72
Elicia,Dinner,Non-Veg,1724,802.13
Tiphani,Lunch,Non-Veg,648,397.66
Genvieve,Snacks,Non-Veg,2883,812.02
Sheilah,Breakfast,Non-Veg,2447,427.35
Gwyneth,Dinner,Non-Veg,1162,793.6
Darcee,Snacks,Veg,2299,664.16
Blakelee,Breakfast,Non-Veg,2572,585.61
Hilda,Breakfast,Non-Veg,1812,296.17
Ottilie,Breakfast,Non-Veg,2292,850.86
Darsie,Lunch,Veg,914,274.47
Arda,Breakfast,Non-Veg,1716,272.3
Debbi,Snacks,Non-Veg,780,662.9
Wendi,Lunch,Non-Veg,2012,609.76
Eolande,Lunch,Veg,1463,774.1
Cassi,Lunch,Veg,2943,562.68
Vanessa,Snacks,Veg,1332,358.8
Kathrine,Snacks,Non-Veg,759,318.23
Dania,Lunch,Veg,2289,839.26
April,Breakfast,Non-Veg,2611,785.33
Lucretia,Snacks,Veg,1462,591.79
Reta,Dinner,Veg,2358,832.59
Adelaide,Snacks,Non-Veg,759,636.97
Marci,Snacks,Non-Veg,1654,204.99
Marlena,Dinner,Non-Veg,1454,250.07
Melba,Breakfast,Non-Veg,2828,243.15
Etti,Snacks,Veg,2572,628.31
Sybille,Snacks,Non-Veg,2317,297.4
Gracia,Lunch,Non-Veg,646,292.55
Laurella,Snacks,Non-Veg,2243,928.9
Antonella,Dinner,Non-Veg,2748,656.23
Marysa,Snacks,Non-Veg,2204,306.92
Morna,Breakfast,Veg,2670,673.55
Calida,Breakfast,Veg,2220,558.35
Siouxie,Breakfast,Veg,1618,738.61
Rheba,Snacks,Non-Veg,1626,497.39
Arlen,Lunch,Non-Veg,897,740.66
Nonnah,Snacks,Veg,582,800.21
Fredia,Lunch,Veg,1333,382.99
Haley,Dinner,Veg,1652,276.48
Nedda,Dinner,Non-Veg,710,969.57
Virgie,Lunch,Veg,2680,612.59
Della,Snacks,Non-Veg,2454,239.97
Mame,Dinner,Veg,1240,223.52
Constancia,Lunch,Veg,2527,740.77
Gwenneth,Lunch,Veg,879,256.79
Odette,Lunch,Non-Veg,1808,661.83
Mellicent,Dinner,Veg,2636,314.78
Nikoletta,Snacks,Non-Veg,1863,706.34
Brittni,Snacks,Non-Veg,2349,227.25
Bella,Dinner,Veg,1952,536.35
Darleen,Dinner,Non-Veg,568,455.15
Else,Snacks,Non-Veg,2129,220.97
Sibelle,Lunch,Non-Veg,964,249.62
Karrie,Snacks,Veg,2611,903.5
Cristin,Lunch,Veg,715,284.86
Crissy,Lunch,Veg,804,959.63
Margalo,Breakfast,Veg,1087,244.07
Cherise,Lunch,Veg,2988,232.94
Annalise,Lunch,Veg,2723,990.84
Milena,Snacks,Veg,2393,367.65
Caresse,Lunch,Non-Veg,767,936.35
Dynah,Breakfast,Veg,1751,543.04
Karleen,Breakfast,Non-Veg,1942,347.01
Nert,Breakfast,Veg,2595,568.05
Danielle,Dinner,Veg,1246,606.94
Mair,Dinner,Veg,1200,528.62
Elayne,Snacks,Non-Veg,2807,604.67
Albertina,Dinner,Veg,2010,530.95
Yettie,Breakfast,Veg,801,948.19
Wilhelmine,Breakfast,Non-Veg,877,574.08
Donni,Dinner,Veg,867,448.25
Norina,Lunch,Veg,1918,252.17
Vanda,Lunch,Veg,1235,240.18
Mahala,Snacks,Non-Veg,1185,330.61
Kamillah,Lunch,Non-Veg,2007,533.09
Calida,Snacks,Veg,901,934.59
Cathie,Lunch,Veg,1014,579.93
Norean,Dinner,Veg,2266,990.5
Cathy,Lunch,Non-Veg,2602,490.12
Mickie,Snacks,Veg,2633,652.11
Celisse,Lunch,Non-Veg,659,406.32
Querida,Breakfast,Non-Veg,1771,695.25
Meghann,Breakfast,Veg,871,519.32
Kaja,Snacks,Non-Veg,2130,801.62
Lorenza,Dinner,Veg,2850,830.44
Ki,Dinner,Veg,2506,723.59
Auria,Breakfast,Non-Veg,2274,762.32
Roanna,Lunch,Veg,2055,298.4
Wilone,Lunch,Non-Veg,2984,301.28
Noell,Breakfast,Non-Veg,1506,619.26
Stephie,Breakfast,Non-Veg,2114,577.51
Hildagard,Dinner,Veg,2469,834.36
Evvie,Snacks,Veg,2033,791.29
Calli,Dinner,Veg,1027,981.38
Karna,Lunch,Veg,1063,689.86
Carolann,Breakfast,Veg,665,513.09
Verna,Snacks,Non-Veg,2452,701.54
Waneta,Lunch,Veg,619,359.0
Hope,Breakfast,Veg,2808,364.71
Priscella,Lunch,Non-Veg,1296,873.84
Jackquelin,Snacks,Non-Veg,1966,961.03
Cheslie,Lunch,Non-Veg,1115,319.28
Glennis,Snacks,Veg,2080,934.96
Marsha,Breakfast,Veg,2276,829.66
Julianna,Snacks,Veg,1845,534.71
Hermina,Dinner,Veg,998,871.86
Constantine,Lunch,Non-Veg,617,329.99
Orly,Lunch,Non-Veg,1296,477.03
Gui,Lunch,Veg,1353,760.23
Georgianna,Dinner,Non-Veg,1648,793.89
Danika,Breakfast,Non-Veg,1158,502.25
Row,Dinner,Non-Veg,2166,361.88
Lucila,Breakfast,Veg,1560,575.04
Pamelina,Lunch,Non-Veg,2774,428.66
Vania,Lunch,Veg,1325,341.67
Emmeline,Dinner,Veg,1574,929.02
Heath,Lunch,Non-Veg,604,264.4
Christen,Lunch,Veg,881,484.25
Rhianon,Breakfast,Veg,2870,928.98
Candis,Lunch,Veg,1272,397.61
Gladys,Dinner,Non-Veg,2171,929.86
Kristel,Lunch,Veg,1278,341.41
Maegan,Breakfast,Non-Veg,1468,262.07
Savina,Dinner,Non-Veg,1319,554.79
Vita,Dinner,Veg,681,718.39
Cyndie,Snacks,Veg,2679,459.8
Carolann,Snacks,Veg,531,932.43
Avril,Dinner,Non-Veg,2941,816.78
Sandra,Snacks,Veg,2126,872.37
Virgie,Dinner,Non-Veg,2111,595.83
Tera,Breakfast,Veg,1041,724.5
Ray,Breakfast,Veg,2148,298.87
Evania,Snacks,Veg,2354,552.16
Tresa,Breakfast,Non-Veg,1479,356.81
Clementine,Snacks,Veg,2798,696.17
Donnamarie,Breakfast,Non-Veg,2345,408.08
Allina,Dinner,Non-Veg,938,543.32
Priscilla,Snacks,Non-Veg,2957,501.79
Leanora,Lunch,Non-Veg,577,492.28
Frederica,Breakfast,Non-Veg,1514,598.19
Gennifer,Dinner,Non-Veg,1589,868.26
Britteny,Lunch,Non-Veg,1878,687.65
Rici,Dinner,Veg,2120,355.35
Quinta,Breakfast,Veg,1474,768.15
Chiquia,Snacks,Veg,683,850.07
Aundrea,Snacks,Veg,1906,968.65
Carina,Dinner,Veg,2250,800.63
Meara,Dinner,Non-Veg,2448,908.73
Grata,Lunch,Non-Veg,599,960.54
Adah,Lunch,Non-Veg,2712,777.64
Dynah,Dinner,Non-Veg,956,772.02
Hollyanne,Dinner,Veg,2978,758.42
Sydney,Snacks,Non-Veg,557,295.63
Janean,Snacks,Veg,850,754.85
Konstance,Snacks,Veg,2727,750.8
Katerine,Snacks,Non-Veg,916,314.16
Ayn,Dinner,Veg,585,734.64
Elisabetta,Snacks,Non-Veg,730,230.25
Herminia,Lunch,Veg,2130,958.94
Catriona,Breakfast,Non-Veg,1552,321.25
Loren,Snacks,Veg,2412,852.34
Nessa,Lunch,Non-Veg,2279,407.93
Andriana,Breakfast,Non-Veg,2010,524.71
Lorenza,Snacks,Veg,1876,843.46
Abigael,Snacks,Non-Veg,986,882.54
Ludovika,Lunch,Veg,1465,977.23
Eleanora,Snacks,Veg,2931,530.99
Aurea,Snacks,Veg,1474,863.36
Glynnis,Dinner,Veg,2488,911.54
Alexine,Snacks,Veg,652,490.45
Lindsy,Lunch,Veg,2875,247.06
Antonetta,Breakfast,Veg,1838,375.13
Dot,Dinner,Non-Veg,2842,945.22
Sibley,Lunch,Non-Veg,1286,929.61
Felicle,Lunch,Non-Veg,2140,746.25
Rosa,Lunch,Veg,2523,912.48
Joelie,Dinner,Non-Veg,2632,605.25
Demetra,Snacks,Veg,2332,862.74
Ardis,Dinner,Non-Veg,2313,473.11
Elianora,Lunch,Veg,968,613.78
Ardis,Breakfast,Veg,1771,837.56
Elfrida,Breakfast,Veg,2795,283.21
Edith,Lunch,Veg,979,971.84
Cecilla,Breakfast,Veg,1076,338.3
Dulcine,Snacks,Non-Veg,505,962.07
Lizbeth,Snacks,Veg,2019,478.65
Rheta,Breakfast,Non-Veg,2017,884.14
Alyss,Snacks,Veg,1380,725.96
Deane,Snacks,Non-Veg,702,676.16
Sidoney,Snacks,Non-Veg,1586,603.38
Alyss,Lunch,Veg,1269,673.64
Wilhelmine,Dinner,Non-Veg,1676,462.31
Doralynne,Snacks,Non-Veg,1032,880.2
Gigi,Breakfast,Non-Veg,2049,999.94
Ophelie,Dinner,Veg,1736,589.83
Petra,Breakfast,Non-Veg,522,801.41
Linnie,Snacks,Non-Veg,1828,914.01
Zabrina,Lunch,Veg,1403,336.85
Eugenie,Breakfast,Veg,1372,466.04
Johnna,Dinner,Non-Veg,1452,777.58
Franni,Lunch,Non-Veg,1097,535.22
Ashlen,Lunch,Non-Veg,817,361.61
Kirstin,Snacks,Veg,981,351.23
Konstanze,Breakfast,Veg,1074,837.98
Adrea,Dinner,Veg,1792,420.77
Aurel,Dinner,Non-Veg,2326,392.26
Timothea,Lunch,Non-Veg,664,403.25
Mirilla,Dinner,Veg,1173,675.35
Doris,Dinner,Veg,1245,550.71
Adelle,Dinner,Non-Veg,1664,328.77
Kaile,Dinner,Veg,1451,632.18
Ilsa,Snacks,Veg,738,572.57
Adara,Lunch,Non-Veg,1088,291.98
Drucie,Dinner,Non-Veg,725,613.45
Conni,Lunch,Non-Veg,1620,453.58
Cati,Breakfast,Veg,2822,505.75
Linet,Dinner,Veg,2277,948.43
Zitella,Dinner,Non-Veg,2638,467.44
Lindsy,Lunch,Non-Veg,2210,267.05
Tabbatha,Snacks,Veg,913,964.52
Arabella,Breakfast,Non-Veg,1608,799.03
Maurene,Dinner,Veg,813,660.4
Jolyn,Dinner,Non-Veg,2301,908.85
Tomasina,Snacks,Non-Veg,2127,537.09
Jillana,Breakfast,Veg,960,827.74
Seline,Breakfast,Non-Veg,2701,665.46
Justina,Lunch,Veg,912,990.93
Bonita,Lunch,Veg,2739,420.2
Tamar,Breakfast,Non-Veg,1925,845.37
Aliza,Dinner,Non-Veg,1413,364.44
Carla,Breakfast,Non-Veg,1325,817.78
Gilda,Dinner,Veg,2292,661.21
Janis,Dinner,Veg,1661,467.58
Rubetta,Dinner,Veg,2929,680.01
Gelya,Breakfast,Veg,1722,467.09
Juli,Breakfast,Non-Veg,1873,545.86
Florenza,Snacks,Non-Veg,2468,709.8
Marylin,Snacks,Non-Veg,1958,837.14
Margo,Snacks,Veg,615,284.49
Cristal,Lunch,Non-Veg,1884,418.7
Yovonnda,Breakfast,Non-Veg,1767,713.88
Ricca,Snacks,Veg,1166,682.07
Wilie,Breakfast,Veg,1823,986.07
Leola,Snacks,Non-Veg,2192,803.84
Sharl,Lunch,Veg,2004,203.83
Wynny,Breakfast,Veg,859,383.54
Katusha,Lunch,Veg,785,776.19
Daveta,Dinner,Veg,2344,823.68
Elna,Dinner,Veg,835,783.13
Roanna,Lunch,Non-Veg,2157,733.2
Lesley,Dinner,Veg,788,886.68
Grissel,Snacks,Veg,2827,496.82
Aurore,Lunch,Veg,1026,897.64
Roxanna,Breakfast,Veg,2255,455.81
Wallie,Snacks,Veg,2758,257.52
Cornelia,Dinner,Veg,744,260.91
Alica,Dinner,Veg,886,629.76
Beryle,Breakfast,Veg,2267,299.5
Gabi,Dinner,Veg,1276,200.76
Uta,Dinner,Non-Veg,1766,581.95
Fallon,Breakfast,Non-Veg,2699,525.8
Leelah,Dinner,Non-Veg,511,412.98
Novelia,Lunch,Non-Veg,808,617.71
Jeni,Lunch,Veg,543,404.89
Allene,Breakfast,Non-Veg,2667,449.43
Veronika,Breakfast,Veg,857,499.21
Florance,Snacks,Non-Veg,574,609.79
Vitia,Snacks,Veg,1756,473.42
Gussy,Breakfast,Non-Veg,2396,851.85
Jacinta,Snacks,Veg,2167,732.62
Carroll,Snacks,Non-Veg,923,474.97
Lorita,Dinner,Non-Veg,2529,483.06
Leeann,Dinner,Non-Veg,1629,250.57
Pierrette,Lunch,Non-Veg,654,713.1
Sarette,Breakfast,Non-Veg,2530,916.33
Georgeta,Lunch,Veg,2277,641.62
Saundra,Snacks,Non-Veg,1061,331.25
Cherida,Breakfast,Non-Veg,1360,445.19
Doro,Lunch,Veg,2565,376.31
Nicolea,Lunch,Non-Veg,1291,669.72
Danika,Lunch,Veg,2295,391.68
Esther,Snacks,Non-Veg,2779,556.67
Doll,Breakfast,Non-Veg,530,224.64
Jilleen,Snacks,Veg,534,900.82
Louisa,Snacks,Veg,791,524.36
Iris,Breakfast,Non-Veg,2723,421.44
Kerri,Snacks,Veg,593,564.23
Kaye,Snacks,Non-Veg,2303,554.02
Yovonnda,Breakfast,Veg,2335,913.97
Sam,Dinner,Veg,2198,843.04
Mala,Breakfast,Veg,1349,945.37
Selia,Dinner,Veg,907,984.18
Gwen,Lunch,Non-Veg,2268,343.48
Emmey,Lunch,Veg,1137,546.93
Roxane,Dinner,Non-Veg,2474,229.1
Gale,Snacks,Veg,2722,764.57
Ashly,Breakfast,Non-Veg,2120,995.29
Candi,Dinner,Veg,2633,505.44
Inger,Dinner,Veg,2905,275.59
Lilli,Snacks,Veg,1803,379.32
Jobina,Dinner,Non-Veg,2833,308.12
Lexis,Lunch,Veg,1012,383.33
Chelsea,Snacks,Veg,1770,406.7
Jolyn,Snacks,Veg,597,981.35
Wilmette,Lunch,Non-Veg,964,632.46
Tedra,Snacks,Non-Veg,2114,742.29
Toma,Snacks,Veg,1549,524.35
Merralee,Breakfast,Veg,646,680.16
Sallee,Snacks,Veg,1764,478.79
Robinett,Snacks,Veg,2383,811.74
Floria,Lunch,Non-Veg,2072,665.83
Devora,Lunch,Non-Veg,2932,809.33
Melisent,Lunch,Non-Veg,1754,623.55
Kaela,Snacks,Veg,1358,237.14
Miguelita,Lunch,Non-Veg,2310,291.63
Ketti,Breakfast,Non-Veg,2076,713.87
Marci,Dinner,Veg,2073,775.64
Audre,Snacks,Veg,1462,453.92
Maisie,Snacks,Veg,1648,617.54
Blanche,Lunch,Veg,1037,588.27
Aeriell,Dinner,Non-Veg,2820,266.22
Allianora,Breakfast,Non-Veg,911,233.39
Lauri,Breakfast,Non-Veg,1064,605.16
Alissa,Lunch,Veg,2535,968.85
Ki,Lunch,Veg,1455,753.38
Beatrisa,Breakfast,Veg,516,854.31
Clemmie,Dinner,Non-Veg,1761,875.57
Henrie,Breakfast,Non-Veg,2950,763.43
Tildi,Dinner,Veg,2591,539.7
Rosalinde,Breakfast,Veg,2593,985.95
Adrianna,Snacks,Veg,1511,799.83
Sallyanne,Snacks,Non-Veg,2177,858.24
Gertruda,Snacks,Veg,2276,203.13
Noellyn,Breakfast,Veg,1806,848.05
Christian,Lunch,Veg,1180,229.59
